Algorithm,Function,Value
DifferentialEvolution,sphere,40.71880279766105
DifferentialEvolution,schwefel,11902.675077340307
DifferentialEvolution,rosenbrock,665719.8540343099
DifferentialEvolution,rastrigin,282.00971531619393
DifferentialEvolution,griewank,2.0867634377103528
DifferentialEvolution,levy,83.93185901464241
DifferentialEvolution,michalewicz,-11.99550208231901
DifferentialEvolution,zakharov,905.2699137160594
DifferentialEvolution,ackley,18.486277069734896
FireflyAlgorithm,sphere,168.3569594000001
FireflyAlgorithm,schwefel,12383.718372406287
FireflyAlgorithm,rosenbrock,2572003.667634177
FireflyAlgorithm,rastrigin,399.32354515864904
FireflyAlgorithm,griewank,5.400011938016529
FireflyAlgorithm,levy,190.07339593598672
FireflyAlgorithm,michalewicz,-8.643560753317242
FireflyAlgorithm,zakharov,23652.360146189745
FireflyAlgorithm,ackley,20.707954137596403
ParticleSwarmOptimization,sphere,2.889736180200024
ParticleSwarmOptimization,schwefel,11829.167833369389
ParticleSwarmOptimization,rosenbrock,1364.1167189389753
ParticleSwarmOptimization,rastrigin,189.50823027271048
ParticleSwarmOptimization,griewank,1.0674234023140474
ParticleSwarmOptimization,levy,24.137429985679457
ParticleSwarmOptimization,michalewicz,-11.509808879775683
ParticleSwarmOptimization,zakharov,579.671546696485
ParticleSwarmOptimization,ackley,8.33894180549047
SelfOrganizingMigrationAlgorithm,sphere,32.49971454526979
SelfOrganizingMigrationAlgorithm,schwefel,11916.226532956332
SelfOrganizingMigrationAlgorithm,rosenbrock,154365.17124181017
SelfOrganizingMigrationAlgorithm,rastrigin,113.82010740969437
SelfOrganizingMigrationAlgorithm,griewank,1.3499422002996684
SelfOrganizingMigrationAlgorithm,levy,20.04336898154345
SelfOrganizingMigrationAlgorithm,michalewicz,-17.621289294508866
SelfOrganizingMigrationAlgorithm,zakharov,283.2624802976247
SelfOrganizingMigrationAlgorithm,ackley,14.926011153017583
TeachingLearningBasedOptimization,sphere,1.4796446277717874
TeachingLearningBasedOptimization,schwefel,12177.469852238748
TeachingLearningBasedOptimization,rosenbrock,746.957892573286
TeachingLearningBasedOptimization,rastrigin,221.5215093649125
TeachingLearningBasedOptimization,griewank,1.0272973156052354
TeachingLearningBasedOptimization,levy,2.3340822372110472
TeachingLearningBasedOptimization,michalewicz,-10.257404496704128
TeachingLearningBasedOptimization,zakharov,542.7074842834687
TeachingLearningBasedOptimization,ackley,6.13380180907912

DifferentialEvolution,sphere,37.65611703169494
DifferentialEvolution,schwefel,11895.483226550297
DifferentialEvolution,rosenbrock,518157.2985173493
DifferentialEvolution,rastrigin,308.67068219278127
DifferentialEvolution,griewank,1.7061946845896787
DifferentialEvolution,levy,73.59160085850525
DifferentialEvolution,michalewicz,-9.333206969415684
DifferentialEvolution,zakharov,941.6843853168525
DifferentialEvolution,ackley,18.08807499623493
FireflyAlgorithm,sphere,182.5215455250867
FireflyAlgorithm,schwefel,12368.964855053946
FireflyAlgorithm,rosenbrock,3474872.756430262
FireflyAlgorithm,rastrigin,410.46828708512294
FireflyAlgorithm,griewank,5.297008240507352
FireflyAlgorithm,levy,213.3211051920621
FireflyAlgorithm,michalewicz,-8.713214743925457
FireflyAlgorithm,zakharov,8326.190244639907
FireflyAlgorithm,ackley,20.44986056739818
ParticleSwarmOptimization,sphere,1.5303495415702464
ParticleSwarmOptimization,schwefel,11753.812495883178
ParticleSwarmOptimization,rosenbrock,5689.546213372951
ParticleSwarmOptimization,rastrigin,135.93158061421448
ParticleSwarmOptimization,griewank,1.0651888635799986
ParticleSwarmOptimization,levy,20.331976959829433
ParticleSwarmOptimization,michalewicz,-11.294108627392907
ParticleSwarmOptimization,zakharov,411.6370703996279
ParticleSwarmOptimization,ackley,7.853857877775045
SelfOrganizingMigrationAlgorithm,sphere,25.849053938601067
SelfOrganizingMigrationAlgorithm,schwefel,12023.415154602246
SelfOrganizingMigrationAlgorithm,rosenbrock,79126.17288926014
SelfOrganizingMigrationAlgorithm,rastrigin,115.92819542228247
SelfOrganizingMigrationAlgorithm,griewank,1.5894954161643708
SelfOrganizingMigrationAlgorithm,levy,17.743224101667305
SelfOrganizingMigrationAlgorithm,michalewicz,-17.874826767043107
SelfOrganizingMigrationAlgorithm,zakharov,408.34917437252915
SelfOrganizingMigrationAlgorithm,ackley,15.57063182473859
TeachingLearningBasedOptimization,sphere,1.2295673912468397
TeachingLearningBasedOptimization,schwefel,12070.474452016044
TeachingLearningBasedOptimization,rosenbrock,1238.1876031705297
TeachingLearningBasedOptimization,rastrigin,243.716658660076
TeachingLearningBasedOptimization,griewank,1.030749200409853
TeachingLearningBasedOptimization,levy,4.631077869720001
TeachingLearningBasedOptimization,michalewicz,-9.67982182752488
TeachingLearningBasedOptimization,zakharov,272.23937010170647
TeachingLearningBasedOptimization,ackley,5.59707578684603

DifferentialEvolution,sphere,54.537421597528514
DifferentialEvolution,schwefel,11864.645967874414
DifferentialEvolution,rosenbrock,456155.11030745733
DifferentialEvolution,rastrigin,316.4278755227999
DifferentialEvolution,griewank,2.240813349716369
DifferentialEvolution,levy,83.04867302402577
DifferentialEvolution,michalewicz,-9.260015324191073
DifferentialEvolution,zakharov,948.5156283745098
DifferentialEvolution,ackley,17.1153017981144
FireflyAlgorithm,sphere,181.82638037478955
FireflyAlgorithm,schwefel,12403.183782933147
FireflyAlgorithm,rosenbrock,2425263.812894369
FireflyAlgorithm,rastrigin,420.7999187006247
FireflyAlgorithm,griewank,4.8555112532994835
FireflyAlgorithm,levy,226.15166146097062
FireflyAlgorithm,michalewicz,-8.918551649204138
FireflyAlgorithm,zakharov,2239.845953580898
FireflyAlgorithm,ackley,20.576409473121544
ParticleSwarmOptimization,sphere,2.0987427412833797
ParticleSwarmOptimization,schwefel,11872.275961990868
ParticleSwarmOptimization,rosenbrock,2025.7446448022663
ParticleSwarmOptimization,rastrigin,239.86886933754988
ParticleSwarmOptimization,griewank,1.0590713611356732
ParticleSwarmOptimization,levy,15.396793801181545
ParticleSwarmOptimization,michalewicz,-12.019018624896379
ParticleSwarmOptimization,zakharov,898.1459504971674
ParticleSwarmOptimization,ackley,6.741831326234093
SelfOrganizingMigrationAlgorithm,sphere,16.123553897890783
SelfOrganizingMigrationAlgorithm,schwefel,11962.395514028622
SelfOrganizingMigrationAlgorithm,rosenbrock,110491.56329702711
SelfOrganizingMigrationAlgorithm,rastrigin,139.28691702242625
SelfOrganizingMigrationAlgorithm,griewank,1.9858453284872009
SelfOrganizingMigrationAlgorithm,levy,27.600333077395465
SelfOrganizingMigrationAlgorithm,michalewicz,-16.750341040782043
SelfOrganizingMigrationAlgorithm,zakharov,412.1628471404655
SelfOrganizingMigrationAlgorithm,ackley,15.967075557917624
TeachingLearningBasedOptimization,sphere,1.4400446291873106
TeachingLearningBasedOptimization,schwefel,12015.595460314093
TeachingLearningBasedOptimization,rosenbrock,707.7346423918732
TeachingLearningBasedOptimization,rastrigin,229.20521131745966
TeachingLearningBasedOptimization,griewank,1.0302191131905547
TeachingLearningBasedOptimization,levy,3.911594583391494
TeachingLearningBasedOptimization,michalewicz,-9.692458932600955
TeachingLearningBasedOptimization,zakharov,329.5400856405021
TeachingLearningBasedOptimization,ackley,5.771004264865148

DifferentialEvolution,sphere,50.56517922371155
DifferentialEvolution,schwefel,11941.082113021419
DifferentialEvolution,rosenbrock,434004.22993703367
DifferentialEvolution,rastrigin,319.74536749947174
DifferentialEvolution,griewank,2.4252678502145333
DifferentialEvolution,levy,66.9087278920267
DifferentialEvolution,michalewicz,-9.872195070513097
DifferentialEvolution,zakharov,868.302989874314
DifferentialEvolution,ackley,18.411939349442203
FireflyAlgorithm,sphere,176.56797000341035
FireflyAlgorithm,schwefel,12400.52520536314
FireflyAlgorithm,rosenbrock,2007368.0387649108
FireflyAlgorithm,rastrigin,395.0251285748432
FireflyAlgorithm,griewank,5.631244341098298
FireflyAlgorithm,levy,203.24550862012725
FireflyAlgorithm,michalewicz,-8.699329993386385
FireflyAlgorithm,zakharov,1136.8817763402585
FireflyAlgorithm,ackley,20.6400942692586
ParticleSwarmOptimization,sphere,2.164651626197076
ParticleSwarmOptimization,schwefel,11810.2802741595
ParticleSwarmOptimization,rosenbrock,8129.311912022436
ParticleSwarmOptimization,rastrigin,168.83339549773444
ParticleSwarmOptimization,griewank,1.0499504272006235
ParticleSwarmOptimization,levy,13.892277093277192
ParticleSwarmOptimization,michalewicz,-12.42813944952342
ParticleSwarmOptimization,zakharov,512.4450979767427
ParticleSwarmOptimization,ackley,10.607262248956166
SelfOrganizingMigrationAlgorithm,sphere,18.52439919476011
SelfOrganizingMigrationAlgorithm,schwefel,11976.17691251081
SelfOrganizingMigrationAlgorithm,rosenbrock,103408.20417139695
SelfOrganizingMigrationAlgorithm,rastrigin,118.61559486751065
SelfOrganizingMigrationAlgorithm,griewank,1.577714881343962
SelfOrganizingMigrationAlgorithm,levy,18.30747810433057
SelfOrganizingMigrationAlgorithm,michalewicz,-17.196355035248498
SelfOrganizingMigrationAlgorithm,zakharov,398.0497414071901
SelfOrganizingMigrationAlgorithm,ackley,14.245670116137559
TeachingLearningBasedOptimization,sphere,0.9912103524711234
TeachingLearningBasedOptimization,schwefel,12154.754581774232
TeachingLearningBasedOptimization,rosenbrock,820.8576576412986
TeachingLearningBasedOptimization,rastrigin,233.66501320660436
TeachingLearningBasedOptimization,griewank,1.0411299413955648
TeachingLearningBasedOptimization,levy,2.445594837846969
TeachingLearningBasedOptimization,michalewicz,-8.056415536100511
TeachingLearningBasedOptimization,zakharov,529.50778136423
TeachingLearningBasedOptimization,ackley,6.365931489415686

DifferentialEvolution,sphere,45.50848402845899
DifferentialEvolution,schwefel,11835.976993215892
DifferentialEvolution,rosenbrock,296889.2967649914
DifferentialEvolution,rastrigin,303.3279468283203
DifferentialEvolution,griewank,1.7489498618181827
DifferentialEvolution,levy,59.80119460339086
DifferentialEvolution,michalewicz,-8.655327846529042
DifferentialEvolution,zakharov,897.1374872042815
DifferentialEvolution,ackley,18.561508970994375
FireflyAlgorithm,sphere,166.973796759854
FireflyAlgorithm,schwefel,12411.121120947526
FireflyAlgorithm,rosenbrock,4242474.863413813
FireflyAlgorithm,rastrigin,417.6794901705599
FireflyAlgorithm,griewank,5.880222726029475
FireflyAlgorithm,levy,246.51702651445834
FireflyAlgorithm,michalewicz,-8.99258383024553
FireflyAlgorithm,zakharov,220189.69670801173
FireflyAlgorithm,ackley,20.67419773516311
ParticleSwarmOptimization,sphere,4.24704535976164
ParticleSwarmOptimization,schwefel,11732.210376019357
ParticleSwarmOptimization,rosenbrock,2429.6745506641746
ParticleSwarmOptimization,rastrigin,136.34393767287222
ParticleSwarmOptimization,griewank,1.0720830333958555
ParticleSwarmOptimization,levy,18.713869684473412
ParticleSwarmOptimization,michalewicz,-10.85713386628053
ParticleSwarmOptimization,zakharov,449.73502106796013
ParticleSwarmOptimization,ackley,10.044438678603843
SelfOrganizingMigrationAlgorithm,sphere,28.239363604648094
SelfOrganizingMigrationAlgorithm,schwefel,12005.889563465447
SelfOrganizingMigrationAlgorithm,rosenbrock,82023.03150156069
SelfOrganizingMigrationAlgorithm,rastrigin,155.20037620239532
SelfOrganizingMigrationAlgorithm,griewank,1.3610218723720542
SelfOrganizingMigrationAlgorithm,levy,19.981559827038026
SelfOrganizingMigrationAlgorithm,michalewicz,-17.727842710736745
SelfOrganizingMigrationAlgorithm,zakharov,356.1679370838471
SelfOrganizingMigrationAlgorithm,ackley,16.613864904624286
TeachingLearningBasedOptimization,sphere,0.6672002456857035
TeachingLearningBasedOptimization,schwefel,12089.770363706726
TeachingLearningBasedOptimization,rosenbrock,915.0511831346499
TeachingLearningBasedOptimization,rastrigin,211.06626826831828
TeachingLearningBasedOptimization,griewank,1.034193818601483
TeachingLearningBasedOptimization,levy,2.6056909278104374
TeachingLearningBasedOptimization,michalewicz,-9.040074484010209
TeachingLearningBasedOptimization,zakharov,461.4838649994293
TeachingLearningBasedOptimization,ackley,5.84194268575169

DifferentialEvolution,sphere,50.55521241872794
DifferentialEvolution,schwefel,11928.540101308234
DifferentialEvolution,rosenbrock,368704.7100281016
DifferentialEvolution,rastrigin,312.986580563104
DifferentialEvolution,griewank,2.0549566545127664
DifferentialEvolution,levy,106.98414653570968
DifferentialEvolution,michalewicz,-8.202420898441401
DifferentialEvolution,zakharov,1133.860897274062
DifferentialEvolution,ackley,18.13277353696059
FireflyAlgorithm,sphere,168.13845635459262
FireflyAlgorithm,schwefel,12410.361486119686
FireflyAlgorithm,rosenbrock,3241641.681927999
FireflyAlgorithm,rastrigin,401.86259936585463
FireflyAlgorithm,griewank,4.546455779351908
FireflyAlgorithm,levy,181.74764290527642
FireflyAlgorithm,michalewicz,-8.086494518748829
FireflyAlgorithm,zakharov,881.5611728367085
FireflyAlgorithm,ackley,20.7498741462686
ParticleSwarmOptimization,sphere,2.5351401312019597
ParticleSwarmOptimization,schwefel,11743.66501652256
ParticleSwarmOptimization,rosenbrock,3171.9140618078495
ParticleSwarmOptimization,rastrigin,186.22050955767932
ParticleSwarmOptimization,griewank,1.053270906722425
ParticleSwarmOptimization,levy,16.72271012866041
ParticleSwarmOptimization,michalewicz,-9.477863031371271
ParticleSwarmOptimization,zakharov,627.388720463496
ParticleSwarmOptimization,ackley,12.15946253208071
SelfOrganizingMigrationAlgorithm,sphere,20.977093383892903
SelfOrganizingMigrationAlgorithm,schwefel,12024.136576336621
SelfOrganizingMigrationAlgorithm,rosenbrock,104980.93943166368
SelfOrganizingMigrationAlgorithm,rastrigin,143.25841089403
SelfOrganizingMigrationAlgorithm,griewank,1.434262929482388
SelfOrganizingMigrationAlgorithm,levy,20.308896520826046
SelfOrganizingMigrationAlgorithm,michalewicz,-16.889127660008292
SelfOrganizingMigrationAlgorithm,zakharov,442.42446729351786
SelfOrganizingMigrationAlgorithm,ackley,14.678933512986818
TeachingLearningBasedOptimization,sphere,1.0860791977902822
TeachingLearningBasedOptimization,schwefel,12209.695168912916
TeachingLearningBasedOptimization,rosenbrock,588.7679824969022
TeachingLearningBasedOptimization,rastrigin,253.84130962118905
TeachingLearningBasedOptimization,griewank,1.0271825649765114
TeachingLearningBasedOptimization,levy,3.2024659040871937
TeachingLearningBasedOptimization,michalewicz,-9.705018929876323
TeachingLearningBasedOptimization,zakharov,237.03304591345065
TeachingLearningBasedOptimization,ackley,6.947890777439008

DifferentialEvolution,sphere,55.80747350277754
DifferentialEvolution,schwefel,11904.722911845927
DifferentialEvolution,rosenbrock,342739.84045584936
DifferentialEvolution,rastrigin,318.89564300606156
DifferentialEvolution,griewank,1.922065945899589
DifferentialEvolution,levy,79.4966053274361
DifferentialEvolution,michalewicz,-9.28482580967292
DifferentialEvolution,zakharov,909.8595191951064
DifferentialEvolution,ackley,18.858632514929926
FireflyAlgorithm,sphere,188.64291130315408
FireflyAlgorithm,schwefel,12384.796691721318
FireflyAlgorithm,rosenbrock,3672496.3168977853
FireflyAlgorithm,rastrigin,400.443658585986
FireflyAlgorithm,griewank,5.163867115085015
FireflyAlgorithm,levy,267.2393989429669
FireflyAlgorithm,michalewicz,-7.907883268604681
FireflyAlgorithm,zakharov,885.317655542795
FireflyAlgorithm,ackley,20.66842050314886
ParticleSwarmOptimization,sphere,1.7907911749853755
ParticleSwarmOptimization,schwefel,11915.79584209498
ParticleSwarmOptimization,rosenbrock,2987.2566785224376
ParticleSwarmOptimization,rastrigin,200.84700734393806
ParticleSwarmOptimization,griewank,1.0501122332158752
ParticleSwarmOptimization,levy,11.253844275384209
ParticleSwarmOptimization,michalewicz,-11.117141633474295
ParticleSwarmOptimization,zakharov,695.2049547982217
ParticleSwarmOptimization,ackley,8.505023366463508
SelfOrganizingMigrationAlgorithm,sphere,23.097937946702675
SelfOrganizingMigrationAlgorithm,schwefel,11960.866575985054
SelfOrganizingMigrationAlgorithm,rosenbrock,109654.12321428487
SelfOrganizingMigrationAlgorithm,rastrigin,137.90665635996558
SelfOrganizingMigrationAlgorithm,griewank,1.4907408924647014
SelfOrganizingMigrationAlgorithm,levy,24.74825146545679
SelfOrganizingMigrationAlgorithm,michalewicz,-18.92515733687335
SelfOrganizingMigrationAlgorithm,zakharov,340.85459784134724
SelfOrganizingMigrationAlgorithm,ackley,13.665936042568964
TeachingLearningBasedOptimization,sphere,1.5298073559559962
TeachingLearningBasedOptimization,schwefel,12154.208916877336
TeachingLearningBasedOptimization,rosenbrock,357.4413088004353
TeachingLearningBasedOptimization,rastrigin,241.569577104554
TeachingLearningBasedOptimization,griewank,1.0073564357899538
TeachingLearningBasedOptimization,levy,7.020284428582442
TeachingLearningBasedOptimization,michalewicz,-8.872940988512282
TeachingLearningBasedOptimization,zakharov,208.62057860622997
TeachingLearningBasedOptimization,ackley,6.353840057914493

DifferentialEvolution,sphere,48.33653814614239
DifferentialEvolution,schwefel,11995.406011259534
DifferentialEvolution,rosenbrock,398674.5428207388
DifferentialEvolution,rastrigin,302.418821915834
DifferentialEvolution,griewank,1.8545516613425703
DifferentialEvolution,levy,80.6044674403753
DifferentialEvolution,michalewicz,-9.387739143294844
DifferentialEvolution,zakharov,799.1793749641868
DifferentialEvolution,ackley,17.62293211105015
FireflyAlgorithm,sphere,190.74853443643917
FireflyAlgorithm,schwefel,12411.484037762819
FireflyAlgorithm,rosenbrock,3841993.994158911
FireflyAlgorithm,rastrigin,408.5621671891933
FireflyAlgorithm,griewank,5.498189223820601
FireflyAlgorithm,levy,248.83805933803686
FireflyAlgorithm,michalewicz,-8.029908306063245
FireflyAlgorithm,zakharov,3898566.9320267304
FireflyAlgorithm,ackley,19.62746721404701
ParticleSwarmOptimization,sphere,2.095438992087451
ParticleSwarmOptimization,schwefel,11771.987010946812
ParticleSwarmOptimization,rosenbrock,2439.097637026193
ParticleSwarmOptimization,rastrigin,189.93271293942666
ParticleSwarmOptimization,griewank,1.07213794242301
ParticleSwarmOptimization,levy,14.437114479714209
ParticleSwarmOptimization,michalewicz,-11.140607565442787
ParticleSwarmOptimization,zakharov,653.9605774758567
ParticleSwarmOptimization,ackley,12.069386851786705
SelfOrganizingMigrationAlgorithm,sphere,21.766957101750567
SelfOrganizingMigrationAlgorithm,schwefel,11962.45037878753
SelfOrganizingMigrationAlgorithm,rosenbrock,115281.71493394357
SelfOrganizingMigrationAlgorithm,rastrigin,98.06951235357394
SelfOrganizingMigrationAlgorithm,griewank,1.6666361630061066
SelfOrganizingMigrationAlgorithm,levy,18.975918083221245
SelfOrganizingMigrationAlgorithm,michalewicz,-19.833930013434422
SelfOrganizingMigrationAlgorithm,zakharov,271.2631818377606
SelfOrganizingMigrationAlgorithm,ackley,14.862568322425536
TeachingLearningBasedOptimization,sphere,1.4827953017841318
TeachingLearningBasedOptimization,schwefel,12059.804143359645
TeachingLearningBasedOptimization,rosenbrock,809.1587681588597
TeachingLearningBasedOptimization,rastrigin,208.52345592868272
TeachingLearningBasedOptimization,griewank,1.0300446457300996
TeachingLearningBasedOptimization,levy,2.512834099450438
TeachingLearningBasedOptimization,michalewicz,-8.920286462519742
TeachingLearningBasedOptimization,zakharov,281.0652248217027
TeachingLearningBasedOptimization,ackley,5.497064461192746

DifferentialEvolution,sphere,29.4696595650579
DifferentialEvolution,schwefel,11934.512302048206
DifferentialEvolution,rosenbrock,265225.25192312297
DifferentialEvolution,rastrigin,300.42038603964573
DifferentialEvolution,griewank,2.382814451260245
DifferentialEvolution,levy,69.9608821844008
DifferentialEvolution,michalewicz,-8.685531387639651
DifferentialEvolution,zakharov,790.63491772985
DifferentialEvolution,ackley,16.93361827308354
FireflyAlgorithm,sphere,179.91678332108165
FireflyAlgorithm,schwefel,12330.912591128017
FireflyAlgorithm,rosenbrock,3880856.4734241506
FireflyAlgorithm,rastrigin,415.8716554724184
FireflyAlgorithm,griewank,4.655844087443685
FireflyAlgorithm,levy,165.32807500737826
FireflyAlgorithm,michalewicz,-7.829824336561462
FireflyAlgorithm,zakharov,951.6641533240942
FireflyAlgorithm,ackley,20.687621902611355
ParticleSwarmOptimization,sphere,3.401677605007697
ParticleSwarmOptimization,schwefel,11870.665265351843
ParticleSwarmOptimization,rosenbrock,1256.5355206384486
ParticleSwarmOptimization,rastrigin,212.4780432307149
ParticleSwarmOptimization,griewank,1.0714129484908124
ParticleSwarmOptimization,levy,10.95436761100584
ParticleSwarmOptimization,michalewicz,-9.940887512561208
ParticleSwarmOptimization,zakharov,639.3967367190961
ParticleSwarmOptimization,ackley,11.97771788261957
SelfOrganizingMigrationAlgorithm,sphere,33.939168651464385
SelfOrganizingMigrationAlgorithm,schwefel,12006.53451647575
SelfOrganizingMigrationAlgorithm,rosenbrock,109715.65478906143
SelfOrganizingMigrationAlgorithm,rastrigin,165.94102402555944
SelfOrganizingMigrationAlgorithm,griewank,1.5337995865213356
SelfOrganizingMigrationAlgorithm,levy,23.319306363043374
SelfOrganizingMigrationAlgorithm,michalewicz,-17.46280204424541
SelfOrganizingMigrationAlgorithm,zakharov,326.15574760219766
SelfOrganizingMigrationAlgorithm,ackley,14.91628038495845
TeachingLearningBasedOptimization,sphere,1.2403748237938277
TeachingLearningBasedOptimization,schwefel,11989.729349773963
TeachingLearningBasedOptimization,rosenbrock,774.4492766842599
TeachingLearningBasedOptimization,rastrigin,234.16377396898733
TeachingLearningBasedOptimization,griewank,1.003781210645109
TeachingLearningBasedOptimization,levy,2.7445293583751424
TeachingLearningBasedOptimization,michalewicz,-9.563652454205624
TeachingLearningBasedOptimization,zakharov,364.29503588352065
TeachingLearningBasedOptimization,ackley,7.730516058841291

DifferentialEvolution,sphere,43.9939501009461
DifferentialEvolution,schwefel,11906.988510991976
DifferentialEvolution,rosenbrock,354652.89926478366
DifferentialEvolution,rastrigin,276.9612725874464
DifferentialEvolution,griewank,1.902157190899353
DifferentialEvolution,levy,98.0332394368535
DifferentialEvolution,michalewicz,-9.23085851344714
DifferentialEvolution,zakharov,978.4816671710643
DifferentialEvolution,ackley,17.085067577289646
FireflyAlgorithm,sphere,180.4634184743996
FireflyAlgorithm,schwefel,12403.853598749645
FireflyAlgorithm,rosenbrock,2881520.7546582962
FireflyAlgorithm,rastrigin,402.4470084720243
FireflyAlgorithm,griewank,5.652594374890289
FireflyAlgorithm,levy,168.51664368474528
FireflyAlgorithm,michalewicz,-8.486694548941628
FireflyAlgorithm,zakharov,225100.82660313352
FireflyAlgorithm,ackley,20.762598375864176
ParticleSwarmOptimization,sphere,1.5294582394867438
ParticleSwarmOptimization,schwefel,11860.321445646316
ParticleSwarmOptimization,rosenbrock,5042.4928430963655
ParticleSwarmOptimization,rastrigin,216.75985316220607
ParticleSwarmOptimization,griewank,1.138483517341333
ParticleSwarmOptimization,levy,22.32664669887635
ParticleSwarmOptimization,michalewicz,-9.77310377156738
ParticleSwarmOptimization,zakharov,788.086859558495
ParticleSwarmOptimization,ackley,8.78612874262647
SelfOrganizingMigrationAlgorithm,sphere,24.249844834010407
SelfOrganizingMigrationAlgorithm,schwefel,12006.871627631514
SelfOrganizingMigrationAlgorithm,rosenbrock,53639.60718621864
SelfOrganizingMigrationAlgorithm,rastrigin,140.0488491439966
SelfOrganizingMigrationAlgorithm,griewank,1.711911381247805
SelfOrganizingMigrationAlgorithm,levy,25.66174503626425
SelfOrganizingMigrationAlgorithm,michalewicz,-18.00577713324061
SelfOrganizingMigrationAlgorithm,zakharov,348.1866269998752
SelfOrganizingMigrationAlgorithm,ackley,15.107358339613082
TeachingLearningBasedOptimization,sphere,1.3838239283300053
TeachingLearningBasedOptimization,schwefel,12112.864890805982
TeachingLearningBasedOptimization,rosenbrock,1141.2192531889118
TeachingLearningBasedOptimization,rastrigin,219.9988046386509
TeachingLearningBasedOptimization,griewank,1.0179265609846169
TeachingLearningBasedOptimization,levy,3.6577842357873664
TeachingLearningBasedOptimization,michalewicz,-9.40703971444458
TeachingLearningBasedOptimization,zakharov,377.7804980688342
TeachingLearningBasedOptimization,ackley,6.327838363493655

DifferentialEvolution,sphere,49.75646447577563
DifferentialEvolution,schwefel,11944.906923595714
DifferentialEvolution,rosenbrock,315170.80997208523
DifferentialEvolution,rastrigin,291.3179368719829
DifferentialEvolution,griewank,2.037336231773101
DifferentialEvolution,levy,87.68095104648162
DifferentialEvolution,michalewicz,-9.073653787802218
DifferentialEvolution,zakharov,969.9601969818875
DifferentialEvolution,ackley,18.868032977208014
FireflyAlgorithm,sphere,161.08261879658647
FireflyAlgorithm,schwefel,12395.216505188564
FireflyAlgorithm,rosenbrock,3050321.061485712
FireflyAlgorithm,rastrigin,392.1927009648351
FireflyAlgorithm,griewank,5.6494855274374896
FireflyAlgorithm,levy,225.83860601356582
FireflyAlgorithm,michalewicz,-7.45336761696226
FireflyAlgorithm,zakharov,1896.305942957535
FireflyAlgorithm,ackley,20.483224463978924
ParticleSwarmOptimization,sphere,3.7427907510816802
ParticleSwarmOptimization,schwefel,11751.489906703955
ParticleSwarmOptimization,rosenbrock,2230.4818692789727
ParticleSwarmOptimization,rastrigin,138.475243212087
ParticleSwarmOptimization,griewank,1.0562547592524625
ParticleSwarmOptimization,levy,17.336868519734768
ParticleSwarmOptimization,michalewicz,-13.9165368258456
ParticleSwarmOptimization,zakharov,518.9509076366303
ParticleSwarmOptimization,ackley,10.547006521296165
SelfOrganizingMigrationAlgorithm,sphere,30.976434945511766
SelfOrganizingMigrationAlgorithm,schwefel,11968.467871761017
SelfOrganizingMigrationAlgorithm,rosenbrock,155724.9271060544
SelfOrganizingMigrationAlgorithm,rastrigin,151.77885806168672
SelfOrganizingMigrationAlgorithm,griewank,1.7485424411367982
SelfOrganizingMigrationAlgorithm,levy,35.97526812768716
SelfOrganizingMigrationAlgorithm,michalewicz,-17.20431304007559
SelfOrganizingMigrationAlgorithm,zakharov,389.1982458715564
SelfOrganizingMigrationAlgorithm,ackley,15.174960758063031
TeachingLearningBasedOptimization,sphere,1.028980081411523
TeachingLearningBasedOptimization,schwefel,12049.64084504092
TeachingLearningBasedOptimization,rosenbrock,882.156100674805
TeachingLearningBasedOptimization,rastrigin,234.076524896078
TeachingLearningBasedOptimization,griewank,1.0439632772998069
TeachingLearningBasedOptimization,levy,4.007212311613161
TeachingLearningBasedOptimization,michalewicz,-8.820348277105687
TeachingLearningBasedOptimization,zakharov,628.5658591114774
TeachingLearningBasedOptimization,ackley,6.455438297955222

DifferentialEvolution,sphere,62.49356975548567
DifferentialEvolution,schwefel,11858.110397630036
DifferentialEvolution,rosenbrock,374678.0722310736
DifferentialEvolution,rastrigin,248.53726414472314
DifferentialEvolution,griewank,2.3478481365016526
DifferentialEvolution,levy,50.77289367460754
DifferentialEvolution,michalewicz,-9.211404704405313
DifferentialEvolution,zakharov,1064.989142400811
DifferentialEvolution,ackley,18.74438474305243
FireflyAlgorithm,sphere,183.76089322782317
FireflyAlgorithm,schwefel,12445.785085020854
FireflyAlgorithm,rosenbrock,3336673.8753201943
FireflyAlgorithm,rastrigin,420.3325251572697
FireflyAlgorithm,griewank,5.239576331492002
FireflyAlgorithm,levy,187.91855849179353
FireflyAlgorithm,michalewicz,-8.437140580613466
FireflyAlgorithm,zakharov,1041.7203581056754
FireflyAlgorithm,ackley,20.744865022389487
ParticleSwarmOptimization,sphere,3.890942036776137
ParticleSwarmOptimization,schwefel,11808.441528446372
ParticleSwarmOptimization,rosenbrock,7001.986588986642
ParticleSwarmOptimization,rastrigin,184.22707979175084
ParticleSwarmOptimization,griewank,1.0851492433276442
ParticleSwarmOptimization,levy,8.116176100704427
ParticleSwarmOptimization,michalewicz,-14.636880219922746
ParticleSwarmOptimization,zakharov,463.771041100051
ParticleSwarmOptimization,ackley,7.112519123343583
SelfOrganizingMigrationAlgorithm,sphere,24.10470250970679
SelfOrganizingMigrationAlgorithm,schwefel,11952.599440134481
SelfOrganizingMigrationAlgorithm,rosenbrock,88103.03190892807
SelfOrganizingMigrationAlgorithm,rastrigin,117.66059006617965
SelfOrganizingMigrationAlgorithm,griewank,1.8328830005397951
SelfOrganizingMigrationAlgorithm,levy,18.104405267543502
SelfOrganizingMigrationAlgorithm,michalewicz,-19.14120801022677
SelfOrganizingMigrationAlgorithm,zakharov,314.4950465196117
SelfOrganizingMigrationAlgorithm,ackley,16.51932800978442
TeachingLearningBasedOptimization,sphere,1.6882258659747935
TeachingLearningBasedOptimization,schwefel,12025.606604483115
TeachingLearningBasedOptimization,rosenbrock,738.3357802630104
TeachingLearningBasedOptimization,rastrigin,208.57218947301908
TeachingLearningBasedOptimization,griewank,1.030597628455313
TeachingLearningBasedOptimization,levy,2.5251352131658047
TeachingLearningBasedOptimization,michalewicz,-9.102820676846653
TeachingLearningBasedOptimization,zakharov,528.4233577838771
TeachingLearningBasedOptimization,ackley,6.068406252794066

DifferentialEvolution,sphere,41.526142870279
DifferentialEvolution,schwefel,11889.432342305307
DifferentialEvolution,rosenbrock,400843.76792289375
DifferentialEvolution,rastrigin,321.1444265970265
DifferentialEvolution,griewank,2.139405773748994
DifferentialEvolution,levy,75.65332329509161
DifferentialEvolution,michalewicz,-9.564441123979329
DifferentialEvolution,zakharov,744.1192875939589
DifferentialEvolution,ackley,17.95110523683792
FireflyAlgorithm,sphere,180.68491671416015
FireflyAlgorithm,schwefel,12420.3009102446
FireflyAlgorithm,rosenbrock,3322613.7159318165
FireflyAlgorithm,rastrigin,407.3009675597665
FireflyAlgorithm,griewank,5.524031433455521
FireflyAlgorithm,levy,233.30031788980392
FireflyAlgorithm,michalewicz,-7.770207721295115
FireflyAlgorithm,zakharov,2926.5716909100543
FireflyAlgorithm,ackley,20.749070890253417
ParticleSwarmOptimization,sphere,3.346896551797782
ParticleSwarmOptimization,schwefel,11891.082632343183
ParticleSwarmOptimization,rosenbrock,2567.4107177259957
ParticleSwarmOptimization,rastrigin,200.33283492898894
ParticleSwarmOptimization,griewank,1.0433201138268107
ParticleSwarmOptimization,levy,18.779371951423844
ParticleSwarmOptimization,michalewicz,-10.716740320324012
ParticleSwarmOptimization,zakharov,593.2872090482819
ParticleSwarmOptimization,ackley,8.789798511040937
SelfOrganizingMigrationAlgorithm,sphere,26.79184794378966
SelfOrganizingMigrationAlgorithm,schwefel,12021.369651794002
SelfOrganizingMigrationAlgorithm,rosenbrock,95760.6548340425
SelfOrganizingMigrationAlgorithm,rastrigin,140.74239583234916
SelfOrganizingMigrationAlgorithm,griewank,1.5876915849205204
SelfOrganizingMigrationAlgorithm,levy,19.337899840152094
SelfOrganizingMigrationAlgorithm,michalewicz,-18.47187562754355
SelfOrganizingMigrationAlgorithm,zakharov,231.49842594905928
SelfOrganizingMigrationAlgorithm,ackley,16.998730120767625
TeachingLearningBasedOptimization,sphere,1.8382445646650787
TeachingLearningBasedOptimization,schwefel,12037.422473024015
TeachingLearningBasedOptimization,rosenbrock,1134.0738437532345
TeachingLearningBasedOptimization,rastrigin,224.97184268508937
TeachingLearningBasedOptimization,griewank,1.02268605923228
TeachingLearningBasedOptimization,levy,3.445152667107772
TeachingLearningBasedOptimization,michalewicz,-9.926288226062583
TeachingLearningBasedOptimization,zakharov,465.14125950627823
TeachingLearningBasedOptimization,ackley,6.461200752544741

DifferentialEvolution,sphere,35.64840572503843
DifferentialEvolution,schwefel,11991.807350662444
DifferentialEvolution,rosenbrock,400079.3731389451
DifferentialEvolution,rastrigin,297.094270380412
DifferentialEvolution,griewank,2.135141219613354
DifferentialEvolution,levy,85.0159892838701
DifferentialEvolution,michalewicz,-9.233915937751924
DifferentialEvolution,zakharov,768.3029257573498
DifferentialEvolution,ackley,18.609034763894744
FireflyAlgorithm,sphere,154.16489644800572
FireflyAlgorithm,schwefel,12485.052010133444
FireflyAlgorithm,rosenbrock,4100004.1472668597
FireflyAlgorithm,rastrigin,403.20284302744096
FireflyAlgorithm,griewank,5.631251942330603
FireflyAlgorithm,levy,203.3565217378627
FireflyAlgorithm,michalewicz,-8.272374323869071
FireflyAlgorithm,zakharov,4672.973884218723
FireflyAlgorithm,ackley,20.75135688371424
ParticleSwarmOptimization,sphere,3.7378904045462185
ParticleSwarmOptimization,schwefel,11856.329376622962
ParticleSwarmOptimization,rosenbrock,14001.819618623334
ParticleSwarmOptimization,rastrigin,155.57989737884256
ParticleSwarmOptimization,griewank,1.057902438762772
ParticleSwarmOptimization,levy,25.392700049537005
ParticleSwarmOptimization,michalewicz,-11.088278107853304
ParticleSwarmOptimization,zakharov,537.7595641926343
ParticleSwarmOptimization,ackley,18.10519642798779
SelfOrganizingMigrationAlgorithm,sphere,35.89073259053974
SelfOrganizingMigrationAlgorithm,schwefel,12014.840088092567
SelfOrganizingMigrationAlgorithm,rosenbrock,134303.79985628367
SelfOrganizingMigrationAlgorithm,rastrigin,100.24536829522455
SelfOrganizingMigrationAlgorithm,griewank,1.6493970268084528
SelfOrganizingMigrationAlgorithm,levy,23.204103442069833
SelfOrganizingMigrationAlgorithm,michalewicz,-17.92021190370121
SelfOrganizingMigrationAlgorithm,zakharov,295.3081929419941
SelfOrganizingMigrationAlgorithm,ackley,14.20179989841887
TeachingLearningBasedOptimization,sphere,1.127291301988743
TeachingLearningBasedOptimization,schwefel,12164.15163040702
TeachingLearningBasedOptimization,rosenbrock,481.94218246102497
TeachingLearningBasedOptimization,rastrigin,235.59136200521317
TeachingLearningBasedOptimization,griewank,1.0283845792978803
TeachingLearningBasedOptimization,levy,2.9561575094138623
TeachingLearningBasedOptimization,michalewicz,-8.92791348734345
TeachingLearningBasedOptimization,zakharov,437.3420389746756
TeachingLearningBasedOptimization,ackley,6.471812032762916

DifferentialEvolution,sphere,47.45084773226694
DifferentialEvolution,schwefel,11899.992809543743
DifferentialEvolution,rosenbrock,555331.0878397144
DifferentialEvolution,rastrigin,317.9388750219968
DifferentialEvolution,griewank,1.8904772299658572
DifferentialEvolution,levy,71.62880630320763
DifferentialEvolution,michalewicz,-10.536957139121279
DifferentialEvolution,zakharov,880.8729077538253
DifferentialEvolution,ackley,18.934273633795986
FireflyAlgorithm,sphere,192.070311937856
FireflyAlgorithm,schwefel,12410.077469303289
FireflyAlgorithm,rosenbrock,2383069.204110837
FireflyAlgorithm,rastrigin,406.4647104547228
FireflyAlgorithm,griewank,5.6252422867957925
FireflyAlgorithm,levy,234.41343265865973
FireflyAlgorithm,michalewicz,-8.413974705658163
FireflyAlgorithm,zakharov,783.3028029114427
FireflyAlgorithm,ackley,20.59765493496787
ParticleSwarmOptimization,sphere,2.408355173231447
ParticleSwarmOptimization,schwefel,11786.129543053534
ParticleSwarmOptimization,rosenbrock,7171.020336222913
ParticleSwarmOptimization,rastrigin,148.21124557270653
ParticleSwarmOptimization,griewank,1.0237870365216137
ParticleSwarmOptimization,levy,10.572233133677482
ParticleSwarmOptimization,michalewicz,-14.867083400963965
ParticleSwarmOptimization,zakharov,707.5551898003841
ParticleSwarmOptimization,ackley,9.522346547736717
SelfOrganizingMigrationAlgorithm,sphere,35.51519136792931
SelfOrganizingMigrationAlgorithm,schwefel,11968.35571337269
SelfOrganizingMigrationAlgorithm,rosenbrock,156502.58884219296
SelfOrganizingMigrationAlgorithm,rastrigin,155.427282236376
SelfOrganizingMigrationAlgorithm,griewank,1.607246929734093
SelfOrganizingMigrationAlgorithm,levy,18.531486423594036
SelfOrganizingMigrationAlgorithm,michalewicz,-17.244117063100447
SelfOrganizingMigrationAlgorithm,zakharov,393.86124075758
SelfOrganizingMigrationAlgorithm,ackley,13.753585092805992
TeachingLearningBasedOptimization,sphere,1.3002369838213714
TeachingLearningBasedOptimization,schwefel,11939.450150135477
TeachingLearningBasedOptimization,rosenbrock,1596.7524789998686
TeachingLearningBasedOptimization,rastrigin,197.29230985741486
TeachingLearningBasedOptimization,griewank,1.0369489197597284
TeachingLearningBasedOptimization,levy,2.9371543736444576
TeachingLearningBasedOptimization,michalewicz,-9.675233555250335
TeachingLearningBasedOptimization,zakharov,482.7781026246746
TeachingLearningBasedOptimization,ackley,6.7095093337813445

DifferentialEvolution,sphere,47.83115686872277
DifferentialEvolution,schwefel,11869.919212912962
DifferentialEvolution,rosenbrock,388589.6620032885
DifferentialEvolution,rastrigin,298.7095282387619
DifferentialEvolution,griewank,2.088290188526173
DifferentialEvolution,levy,79.04425993025438
DifferentialEvolution,michalewicz,-9.957934642222426
DifferentialEvolution,zakharov,817.7782218704065
DifferentialEvolution,ackley,18.030967338683915
FireflyAlgorithm,sphere,191.84615887160916
FireflyAlgorithm,schwefel,12300.92980201509
FireflyAlgorithm,rosenbrock,2531009.2055506855
FireflyAlgorithm,rastrigin,390.0066040167813
FireflyAlgorithm,griewank,5.630817327908381
FireflyAlgorithm,levy,237.61907435154257
FireflyAlgorithm,michalewicz,-8.208858374553806
FireflyAlgorithm,zakharov,1188.1078521624188
FireflyAlgorithm,ackley,20.772398841382834
ParticleSwarmOptimization,sphere,2.730975527113747
ParticleSwarmOptimization,schwefel,11768.616441736069
ParticleSwarmOptimization,rosenbrock,2310.237962052946
ParticleSwarmOptimization,rastrigin,201.25242968061715
ParticleSwarmOptimization,griewank,1.0726635730017264
ParticleSwarmOptimization,levy,9.795490607895882
ParticleSwarmOptimization,michalewicz,-9.877321724889525
ParticleSwarmOptimization,zakharov,437.9028318025449
ParticleSwarmOptimization,ackley,9.598862179349846
SelfOrganizingMigrationAlgorithm,sphere,33.7160822099601
SelfOrganizingMigrationAlgorithm,schwefel,11975.858895667245
SelfOrganizingMigrationAlgorithm,rosenbrock,211483.6130728293
SelfOrganizingMigrationAlgorithm,rastrigin,158.9096481709432
SelfOrganizingMigrationAlgorithm,griewank,1.6430399242071632
SelfOrganizingMigrationAlgorithm,levy,22.648484400985463
SelfOrganizingMigrationAlgorithm,michalewicz,-18.951217069384327
SelfOrganizingMigrationAlgorithm,zakharov,404.17295023726615
SelfOrganizingMigrationAlgorithm,ackley,16.983915762132888
TeachingLearningBasedOptimization,sphere,1.1674883694385354
TeachingLearningBasedOptimization,schwefel,12094.877011573633
TeachingLearningBasedOptimization,rosenbrock,528.8366217261193
TeachingLearningBasedOptimization,rastrigin,223.88954905222968
TeachingLearningBasedOptimization,griewank,1.0321903595204098
TeachingLearningBasedOptimization,levy,2.8894250307809166
TeachingLearningBasedOptimization,michalewicz,-8.87207564139735
TeachingLearningBasedOptimization,zakharov,718.9981119705558
TeachingLearningBasedOptimization,ackley,6.922078748982896

DifferentialEvolution,sphere,38.305876542630905
DifferentialEvolution,schwefel,11928.938834440578
DifferentialEvolution,rosenbrock,207002.49404543554
DifferentialEvolution,rastrigin,294.05874054653276
DifferentialEvolution,griewank,2.245072922844663
DifferentialEvolution,levy,83.14638923842847
DifferentialEvolution,michalewicz,-9.40578074917643
DifferentialEvolution,zakharov,902.1936245669494
DifferentialEvolution,ackley,17.437947501441272
FireflyAlgorithm,sphere,192.05085658603372
FireflyAlgorithm,schwefel,12424.908741912795
FireflyAlgorithm,rosenbrock,3785800.695022107
FireflyAlgorithm,rastrigin,429.1603602653441
FireflyAlgorithm,griewank,5.21913246487561
FireflyAlgorithm,levy,222.39231184138885
FireflyAlgorithm,michalewicz,-7.88438984145883
FireflyAlgorithm,zakharov,1169.4414538161175
FireflyAlgorithm,ackley,20.598107401572413
ParticleSwarmOptimization,sphere,2.2973539466417856
ParticleSwarmOptimization,schwefel,11891.925349528561
ParticleSwarmOptimization,rosenbrock,2619.448001716938
ParticleSwarmOptimization,rastrigin,110.79740645457846
ParticleSwarmOptimization,griewank,1.090877160378941
ParticleSwarmOptimization,levy,23.51696059192654
ParticleSwarmOptimization,michalewicz,-13.415400888833709
ParticleSwarmOptimization,zakharov,543.3143420302495
ParticleSwarmOptimization,ackley,7.729127037843211
SelfOrganizingMigrationAlgorithm,sphere,28.504245653914747
SelfOrganizingMigrationAlgorithm,schwefel,11934.825545045751
SelfOrganizingMigrationAlgorithm,rosenbrock,67292.22240788261
SelfOrganizingMigrationAlgorithm,rastrigin,115.48302557267527
SelfOrganizingMigrationAlgorithm,griewank,1.6447291072479608
SelfOrganizingMigrationAlgorithm,levy,21.60960845928522
SelfOrganizingMigrationAlgorithm,michalewicz,-19.04882141666203
SelfOrganizingMigrationAlgorithm,zakharov,255.17671349859896
SelfOrganizingMigrationAlgorithm,ackley,16.398489967281417
TeachingLearningBasedOptimization,sphere,1.316470566485047
TeachingLearningBasedOptimization,schwefel,11788.736921669433
TeachingLearningBasedOptimization,rosenbrock,681.9729496006577
TeachingLearningBasedOptimization,rastrigin,229.6393418054008
TeachingLearningBasedOptimization,griewank,1.0305586739958439
TeachingLearningBasedOptimization,levy,4.145578275666154
TeachingLearningBasedOptimization,michalewicz,-9.303760523041294
TeachingLearningBasedOptimization,zakharov,280.92216540744624
TeachingLearningBasedOptimization,ackley,6.6686981497369295

DifferentialEvolution,sphere,38.54753153669367
DifferentialEvolution,schwefel,11845.523602356323
DifferentialEvolution,rosenbrock,406320.7658897205
DifferentialEvolution,rastrigin,296.34689635507095
DifferentialEvolution,griewank,2.196160145059209
DifferentialEvolution,levy,94.29914140615024
DifferentialEvolution,michalewicz,-9.59167250910427
DifferentialEvolution,zakharov,1160.664092481465
DifferentialEvolution,ackley,19.00602976443186
FireflyAlgorithm,sphere,196.62920781377298
FireflyAlgorithm,schwefel,12404.823507785035
FireflyAlgorithm,rosenbrock,3132649.3443222814
FireflyAlgorithm,rastrigin,410.475867532761
FireflyAlgorithm,griewank,5.7857766159065
FireflyAlgorithm,levy,201.86524986116933
FireflyAlgorithm,michalewicz,-8.54631159306417
FireflyAlgorithm,zakharov,81187.00419151751
FireflyAlgorithm,ackley,20.540997711862545
ParticleSwarmOptimization,sphere,1.7604247989972222
ParticleSwarmOptimization,schwefel,11815.812734625588
ParticleSwarmOptimization,rosenbrock,2055.483449628959
ParticleSwarmOptimization,rastrigin,179.32662902341974
ParticleSwarmOptimization,griewank,1.068080758005044
ParticleSwarmOptimization,levy,20.25770651949872
ParticleSwarmOptimization,michalewicz,-13.284108035550643
ParticleSwarmOptimization,zakharov,426.52327843432425
ParticleSwarmOptimization,ackley,8.739517335459542
SelfOrganizingMigrationAlgorithm,sphere,27.563463936071532
SelfOrganizingMigrationAlgorithm,schwefel,11988.655712120944
SelfOrganizingMigrationAlgorithm,rosenbrock,130897.61747069069
SelfOrganizingMigrationAlgorithm,rastrigin,137.4435279103175
SelfOrganizingMigrationAlgorithm,griewank,1.6212294152919695
SelfOrganizingMigrationAlgorithm,levy,12.085585000284805
SelfOrganizingMigrationAlgorithm,michalewicz,-17.57908752507818
SelfOrganizingMigrationAlgorithm,zakharov,397.12063003789336
SelfOrganizingMigrationAlgorithm,ackley,14.657564704294685
TeachingLearningBasedOptimization,sphere,1.123191296426157
TeachingLearningBasedOptimization,schwefel,12030.510976344936
TeachingLearningBasedOptimization,rosenbrock,457.6528652939639
TeachingLearningBasedOptimization,rastrigin,220.36631580724645
TeachingLearningBasedOptimization,griewank,1.041847847634251
TeachingLearningBasedOptimization,levy,2.63589834888532
TeachingLearningBasedOptimization,michalewicz,-9.366835388402926
TeachingLearningBasedOptimization,zakharov,454.44020182019517
TeachingLearningBasedOptimization,ackley,6.262617520410156

DifferentialEvolution,sphere,42.27047488245515
DifferentialEvolution,schwefel,11940.225413490374
DifferentialEvolution,rosenbrock,243019.77093577548
DifferentialEvolution,rastrigin,296.47035507841224
DifferentialEvolution,griewank,1.7849367972630406
DifferentialEvolution,levy,109.60769327474192
DifferentialEvolution,michalewicz,-9.18005593296363
DifferentialEvolution,zakharov,984.7440148079015
DifferentialEvolution,ackley,19.317052468364825
FireflyAlgorithm,sphere,189.74108668090815
FireflyAlgorithm,schwefel,12377.997627144181
FireflyAlgorithm,rosenbrock,3375336.9451248203
FireflyAlgorithm,rastrigin,395.9462752294798
FireflyAlgorithm,griewank,5.389718734970912
FireflyAlgorithm,levy,278.3262780198703
FireflyAlgorithm,michalewicz,-8.389131380671246
FireflyAlgorithm,zakharov,1677.7582208338197
FireflyAlgorithm,ackley,20.5435442106207
ParticleSwarmOptimization,sphere,4.080871693256142
ParticleSwarmOptimization,schwefel,11808.480076575424
ParticleSwarmOptimization,rosenbrock,4974.768182996395
ParticleSwarmOptimization,rastrigin,151.85053057851562
ParticleSwarmOptimization,griewank,1.0274017381106275
ParticleSwarmOptimization,levy,12.987004395985421
ParticleSwarmOptimization,michalewicz,-9.364539760117825
ParticleSwarmOptimization,zakharov,564.6422715536548
ParticleSwarmOptimization,ackley,6.192870072060362
SelfOrganizingMigrationAlgorithm,sphere,21.841136727432254
SelfOrganizingMigrationAlgorithm,schwefel,12022.520977918608
SelfOrganizingMigrationAlgorithm,rosenbrock,183194.36339406032
SelfOrganizingMigrationAlgorithm,rastrigin,128.32037624550907
SelfOrganizingMigrationAlgorithm,griewank,1.7027260651518403
SelfOrganizingMigrationAlgorithm,levy,33.609342867724806
SelfOrganizingMigrationAlgorithm,michalewicz,-15.294031865586057
SelfOrganizingMigrationAlgorithm,zakharov,275.8490053140518
SelfOrganizingMigrationAlgorithm,ackley,15.711471897105323
TeachingLearningBasedOptimization,sphere,0.8495424820069606
TeachingLearningBasedOptimization,schwefel,12101.950884316842
TeachingLearningBasedOptimization,rosenbrock,2335.128007841594
TeachingLearningBasedOptimization,rastrigin,238.74525842098942
TeachingLearningBasedOptimization,griewank,1.0349859792424836
TeachingLearningBasedOptimization,levy,3.6106525568151167
TeachingLearningBasedOptimization,michalewicz,-13.157683743192464
TeachingLearningBasedOptimization,zakharov,401.2967178974004
TeachingLearningBasedOptimization,ackley,7.300926888457745

DifferentialEvolution,sphere,42.707267867405626
DifferentialEvolution,schwefel,11909.375379511113
DifferentialEvolution,rosenbrock,634983.5609245044
DifferentialEvolution,rastrigin,316.42925685049636
DifferentialEvolution,griewank,2.389511763981514
DifferentialEvolution,levy,79.87358718611087
DifferentialEvolution,michalewicz,-8.83994286545053
DifferentialEvolution,zakharov,954.5051341889414
DifferentialEvolution,ackley,18.39836609150081
FireflyAlgorithm,sphere,161.58132336551665
FireflyAlgorithm,schwefel,12408.489823171156
FireflyAlgorithm,rosenbrock,2232520.8769578245
FireflyAlgorithm,rastrigin,427.52117384126603
FireflyAlgorithm,griewank,5.088898173931617
FireflyAlgorithm,levy,211.04703920524074
FireflyAlgorithm,michalewicz,-8.000141863514843
FireflyAlgorithm,zakharov,1764.2783741493326
FireflyAlgorithm,ackley,20.702612282854876
ParticleSwarmOptimization,sphere,2.5272981861831814
ParticleSwarmOptimization,schwefel,11797.92459565388
ParticleSwarmOptimization,rosenbrock,2128.1906087265515
ParticleSwarmOptimization,rastrigin,223.2622361739143
ParticleSwarmOptimization,griewank,1.045176557541215
ParticleSwarmOptimization,levy,10.76433786722333
ParticleSwarmOptimization,michalewicz,-12.675143091558141
ParticleSwarmOptimization,zakharov,484.71650517527854
ParticleSwarmOptimization,ackley,6.598880994598542
SelfOrganizingMigrationAlgorithm,sphere,24.405846101718687
SelfOrganizingMigrationAlgorithm,schwefel,11960.496505266347
SelfOrganizingMigrationAlgorithm,rosenbrock,70336.43753375315
SelfOrganizingMigrationAlgorithm,rastrigin,139.87868936229444
SelfOrganizingMigrationAlgorithm,griewank,1.4799579171524488
SelfOrganizingMigrationAlgorithm,levy,22.545089774563532
SelfOrganizingMigrationAlgorithm,michalewicz,-18.60410267159618
SelfOrganizingMigrationAlgorithm,zakharov,415.4565297682704
SelfOrganizingMigrationAlgorithm,ackley,14.918341639335713
TeachingLearningBasedOptimization,sphere,0.9498056808358875
TeachingLearningBasedOptimization,schwefel,12157.787735884296
TeachingLearningBasedOptimization,rosenbrock,399.1346833759475
TeachingLearningBasedOptimization,rastrigin,195.85350761768296
TeachingLearningBasedOptimization,griewank,1.029351167976114
TeachingLearningBasedOptimization,levy,2.791523414015955
TeachingLearningBasedOptimization,michalewicz,-9.169373222811794
TeachingLearningBasedOptimization,zakharov,462.0709813046984
TeachingLearningBasedOptimization,ackley,6.124928229201721

DifferentialEvolution,sphere,46.42400643246901
DifferentialEvolution,schwefel,11953.573710338265
DifferentialEvolution,rosenbrock,339053.0320036331
DifferentialEvolution,rastrigin,282.4129792761532
DifferentialEvolution,griewank,1.849601065450479
DifferentialEvolution,levy,118.6805006320768
DifferentialEvolution,michalewicz,-9.770325221138348
DifferentialEvolution,zakharov,863.3651122467271
DifferentialEvolution,ackley,18.392278853629755
FireflyAlgorithm,sphere,206.1167921759344
FireflyAlgorithm,schwefel,12428.379643218283
FireflyAlgorithm,rosenbrock,3373926.8681042828
FireflyAlgorithm,rastrigin,397.68397679489624
FireflyAlgorithm,griewank,4.547767543545481
FireflyAlgorithm,levy,192.14715622681626
FireflyAlgorithm,michalewicz,-8.028875669288565
FireflyAlgorithm,zakharov,830.8756238190767
FireflyAlgorithm,ackley,20.630289497370324
ParticleSwarmOptimization,sphere,3.983629486629274
ParticleSwarmOptimization,schwefel,11826.50983495468
ParticleSwarmOptimization,rosenbrock,3733.940120084073
ParticleSwarmOptimization,rastrigin,104.49050737429585
ParticleSwarmOptimization,griewank,1.0221117901468755
ParticleSwarmOptimization,levy,25.784388750689075
ParticleSwarmOptimization,michalewicz,-9.03709695969475
ParticleSwarmOptimization,zakharov,462.15896205987815
ParticleSwarmOptimization,ackley,6.100098823113015
SelfOrganizingMigrationAlgorithm,sphere,36.23136291095332
SelfOrganizingMigrationAlgorithm,schwefel,12005.853697290553
SelfOrganizingMigrationAlgorithm,rosenbrock,241009.2176534278
SelfOrganizingMigrationAlgorithm,rastrigin,131.99487600739462
SelfOrganizingMigrationAlgorithm,griewank,1.6180763564040246
SelfOrganizingMigrationAlgorithm,levy,23.19829188273285
SelfOrganizingMigrationAlgorithm,michalewicz,-19.061052584500725
SelfOrganizingMigrationAlgorithm,zakharov,294.96871231406647
SelfOrganizingMigrationAlgorithm,ackley,14.47347611013095
TeachingLearningBasedOptimization,sphere,1.3269801065517384
TeachingLearningBasedOptimization,schwefel,11967.305265422394
TeachingLearningBasedOptimization,rosenbrock,902.0645243281489
TeachingLearningBasedOptimization,rastrigin,231.76178816645185
TeachingLearningBasedOptimization,griewank,1.0278957215786326
TeachingLearningBasedOptimization,levy,3.7200435332831363
TeachingLearningBasedOptimization,michalewicz,-10.269214847851552
TeachingLearningBasedOptimization,zakharov,399.6322831537702
TeachingLearningBasedOptimization,ackley,5.629200996634495

DifferentialEvolution,sphere,48.37686021809043
DifferentialEvolution,schwefel,11873.662297610934
DifferentialEvolution,rosenbrock,529976.7782658639
DifferentialEvolution,rastrigin,328.26637076093965
DifferentialEvolution,griewank,2.0258818759163737
DifferentialEvolution,levy,75.35047855193146
DifferentialEvolution,michalewicz,-9.332588567502231
DifferentialEvolution,zakharov,819.2469887229219
DifferentialEvolution,ackley,17.63656674723188
FireflyAlgorithm,sphere,180.1380965487123
FireflyAlgorithm,schwefel,12369.983305734988
FireflyAlgorithm,rosenbrock,2704358.8392649125
FireflyAlgorithm,rastrigin,394.57484100198263
FireflyAlgorithm,griewank,5.11828682878268
FireflyAlgorithm,levy,255.96842598792495
FireflyAlgorithm,michalewicz,-7.778209230225457
FireflyAlgorithm,zakharov,61575.65972583312
FireflyAlgorithm,ackley,20.660120100507744
ParticleSwarmOptimization,sphere,3.1979568384383277
ParticleSwarmOptimization,schwefel,11916.664926075731
ParticleSwarmOptimization,rosenbrock,2729.3418177491167
ParticleSwarmOptimization,rastrigin,219.42555376422945
ParticleSwarmOptimization,griewank,1.0698530663348667
ParticleSwarmOptimization,levy,8.327856434737358
ParticleSwarmOptimization,michalewicz,-12.173141009505654
ParticleSwarmOptimization,zakharov,563.0188627058567
ParticleSwarmOptimization,ackley,12.439645402353326
SelfOrganizingMigrationAlgorithm,sphere,25.863465731505585
SelfOrganizingMigrationAlgorithm,schwefel,11876.644434509739
SelfOrganizingMigrationAlgorithm,rosenbrock,93035.97142155333
SelfOrganizingMigrationAlgorithm,rastrigin,137.20271000621224
SelfOrganizingMigrationAlgorithm,griewank,1.602580198378447
SelfOrganizingMigrationAlgorithm,levy,19.133678149414106
SelfOrganizingMigrationAlgorithm,michalewicz,-19.409379975552362
SelfOrganizingMigrationAlgorithm,zakharov,306.3001485197986
SelfOrganizingMigrationAlgorithm,ackley,15.083745614676328
TeachingLearningBasedOptimization,sphere,1.261221594621968
TeachingLearningBasedOptimization,schwefel,12134.436218865087
TeachingLearningBasedOptimization,rosenbrock,761.6210032369877
TeachingLearningBasedOptimization,rastrigin,244.83570737069272
TeachingLearningBasedOptimization,griewank,0.9769626858847261
TeachingLearningBasedOptimization,levy,5.16210035425694
TeachingLearningBasedOptimization,michalewicz,-10.549181031754149
TeachingLearningBasedOptimization,zakharov,649.7088454456162
TeachingLearningBasedOptimization,ackley,6.4722867007588825

DifferentialEvolution,sphere,41.946413757825525
DifferentialEvolution,schwefel,11838.802197956458
DifferentialEvolution,rosenbrock,394192.5145861086
DifferentialEvolution,rastrigin,287.3487763232232
DifferentialEvolution,griewank,2.3459102239920417
DifferentialEvolution,levy,44.03156088241756
DifferentialEvolution,michalewicz,-9.813410065533848
DifferentialEvolution,zakharov,856.6950656765271
DifferentialEvolution,ackley,17.18971373378761
FireflyAlgorithm,sphere,168.5680967458258
FireflyAlgorithm,schwefel,12342.42451977044
FireflyAlgorithm,rosenbrock,1903984.3358834146
FireflyAlgorithm,rastrigin,390.31210693194714
FireflyAlgorithm,griewank,5.299186642712374
FireflyAlgorithm,levy,218.90493818208634
FireflyAlgorithm,michalewicz,-8.597967051546608
FireflyAlgorithm,zakharov,1191.3207435644379
FireflyAlgorithm,ackley,20.594331580026967
ParticleSwarmOptimization,sphere,0.9707683862098878
ParticleSwarmOptimization,schwefel,11795.368690887788
ParticleSwarmOptimization,rosenbrock,3962.900219744849
ParticleSwarmOptimization,rastrigin,176.6832657239667
ParticleSwarmOptimization,griewank,1.0297422470912392
ParticleSwarmOptimization,levy,18.85569294714903
ParticleSwarmOptimization,michalewicz,-10.384397405860097
ParticleSwarmOptimization,zakharov,633.378807063558
ParticleSwarmOptimization,ackley,9.144493230515826
SelfOrganizingMigrationAlgorithm,sphere,23.316747587489512
SelfOrganizingMigrationAlgorithm,schwefel,12008.353292582537
SelfOrganizingMigrationAlgorithm,rosenbrock,54113.13475035405
SelfOrganizingMigrationAlgorithm,rastrigin,146.0462011624351
SelfOrganizingMigrationAlgorithm,griewank,1.5390836093826858
SelfOrganizingMigrationAlgorithm,levy,14.562995920804653
SelfOrganizingMigrationAlgorithm,michalewicz,-18.865211024059946
SelfOrganizingMigrationAlgorithm,zakharov,290.440040414086
SelfOrganizingMigrationAlgorithm,ackley,15.199231753947647
TeachingLearningBasedOptimization,sphere,1.7255595768782443
TeachingLearningBasedOptimization,schwefel,12086.421229349162
TeachingLearningBasedOptimization,rosenbrock,1595.866537591941
TeachingLearningBasedOptimization,rastrigin,211.50055623512716
TeachingLearningBasedOptimization,griewank,0.9455231083096346
TeachingLearningBasedOptimization,levy,3.6106304899570807
TeachingLearningBasedOptimization,michalewicz,-8.024375277739493
TeachingLearningBasedOptimization,zakharov,505.30148694192684
TeachingLearningBasedOptimization,ackley,6.639362833044331

DifferentialEvolution,sphere,32.026608165813016
DifferentialEvolution,schwefel,11952.19301611952
DifferentialEvolution,rosenbrock,422591.62854203343
DifferentialEvolution,rastrigin,294.83005076236776
DifferentialEvolution,griewank,2.3752921599554266
DifferentialEvolution,levy,92.10146433388131
DifferentialEvolution,michalewicz,-9.529643605133579
DifferentialEvolution,zakharov,937.2896408351928
DifferentialEvolution,ackley,18.19120748101948
FireflyAlgorithm,sphere,184.0531303039908
FireflyAlgorithm,schwefel,12346.488517440264
FireflyAlgorithm,rosenbrock,3090070.3332311097
FireflyAlgorithm,rastrigin,432.425592659064
FireflyAlgorithm,griewank,5.70304713839274
FireflyAlgorithm,levy,174.7889719351545
FireflyAlgorithm,michalewicz,-8.679995832562263
FireflyAlgorithm,zakharov,14885.3220627608
FireflyAlgorithm,ackley,20.418117103710582
ParticleSwarmOptimization,sphere,7.002669594612998
ParticleSwarmOptimization,schwefel,11810.95209048568
ParticleSwarmOptimization,rosenbrock,2821.610500463178
ParticleSwarmOptimization,rastrigin,164.9973811538932
ParticleSwarmOptimization,griewank,1.0784364693556727
ParticleSwarmOptimization,levy,8.086551628813819
ParticleSwarmOptimization,michalewicz,-11.250925615443327
ParticleSwarmOptimization,zakharov,792.37066097099
ParticleSwarmOptimization,ackley,6.890471430560504
SelfOrganizingMigrationAlgorithm,sphere,15.971819975413753
SelfOrganizingMigrationAlgorithm,schwefel,12027.10007489391
SelfOrganizingMigrationAlgorithm,rosenbrock,237665.78703554417
SelfOrganizingMigrationAlgorithm,rastrigin,85.89420298018018
SelfOrganizingMigrationAlgorithm,griewank,1.697075449982604
SelfOrganizingMigrationAlgorithm,levy,14.575205147519968
SelfOrganizingMigrationAlgorithm,michalewicz,-17.50115467572223
SelfOrganizingMigrationAlgorithm,zakharov,332.4712713450562
SelfOrganizingMigrationAlgorithm,ackley,15.836168632352337
TeachingLearningBasedOptimization,sphere,1.0821857676766193
TeachingLearningBasedOptimization,schwefel,12070.204794124515
TeachingLearningBasedOptimization,rosenbrock,717.845101270912
TeachingLearningBasedOptimization,rastrigin,241.9998732498394
TeachingLearningBasedOptimization,griewank,1.0267003811082829
TeachingLearningBasedOptimization,levy,3.1294332309443194
TeachingLearningBasedOptimization,michalewicz,-8.16894828438139
TeachingLearningBasedOptimization,zakharov,524.0259361567438
TeachingLearningBasedOptimization,ackley,6.064957306959855

DifferentialEvolution,sphere,51.7839634113424
DifferentialEvolution,schwefel,11973.115300967926
DifferentialEvolution,rosenbrock,481937.5954326695
DifferentialEvolution,rastrigin,306.8309577430311
DifferentialEvolution,griewank,2.1515624085090836
DifferentialEvolution,levy,81.78146970751726
DifferentialEvolution,michalewicz,-9.976134123096783
DifferentialEvolution,zakharov,993.5543701867724
DifferentialEvolution,ackley,18.279995532447632
FireflyAlgorithm,sphere,153.47481544000067
FireflyAlgorithm,schwefel,12418.170778102294
FireflyAlgorithm,rosenbrock,2634504.330607274
FireflyAlgorithm,rastrigin,421.4519165322316
FireflyAlgorithm,griewank,4.119778460230359
FireflyAlgorithm,levy,208.19901396467296
FireflyAlgorithm,michalewicz,-8.443595736661614
FireflyAlgorithm,zakharov,224649.1628129011
FireflyAlgorithm,ackley,20.606251331129275
ParticleSwarmOptimization,sphere,1.4329785421787369
ParticleSwarmOptimization,schwefel,11780.794812653845
ParticleSwarmOptimization,rosenbrock,2780.8660526760877
ParticleSwarmOptimization,rastrigin,165.40509965994252
ParticleSwarmOptimization,griewank,0.9925250818150162
ParticleSwarmOptimization,levy,9.120367592269771
ParticleSwarmOptimization,michalewicz,-9.981954763766822
ParticleSwarmOptimization,zakharov,612.9912420400638
ParticleSwarmOptimization,ackley,9.031950801436457
SelfOrganizingMigrationAlgorithm,sphere,26.979637802314137
SelfOrganizingMigrationAlgorithm,schwefel,11980.736916769538
SelfOrganizingMigrationAlgorithm,rosenbrock,151650.90987457545
SelfOrganizingMigrationAlgorithm,rastrigin,136.19187938821142
SelfOrganizingMigrationAlgorithm,griewank,1.6121353369415528
SelfOrganizingMigrationAlgorithm,levy,21.892716190671806
SelfOrganizingMigrationAlgorithm,michalewicz,-18.75989521390522
SelfOrganizingMigrationAlgorithm,zakharov,382.4063217974692
SelfOrganizingMigrationAlgorithm,ackley,15.547530625013795
TeachingLearningBasedOptimization,sphere,0.9022251895532983
TeachingLearningBasedOptimization,schwefel,12138.412445898583
TeachingLearningBasedOptimization,rosenbrock,624.5955761036753
TeachingLearningBasedOptimization,rastrigin,240.79138519058705
TeachingLearningBasedOptimization,griewank,1.0303468020501676
TeachingLearningBasedOptimization,levy,2.7977546439827905
TeachingLearningBasedOptimization,michalewicz,-11.662659837074818
TeachingLearningBasedOptimization,zakharov,543.371645366673
TeachingLearningBasedOptimization,ackley,6.136402828086293

DifferentialEvolution,sphere,36.74090893981798
DifferentialEvolution,schwefel,12043.159256971105
DifferentialEvolution,rosenbrock,368294.4064340278
DifferentialEvolution,rastrigin,288.3349148569173
DifferentialEvolution,griewank,2.3010113829303958
DifferentialEvolution,levy,72.72311025801888
DifferentialEvolution,michalewicz,-9.876410411673076
DifferentialEvolution,zakharov,875.6184872240908
DifferentialEvolution,ackley,18.16781893863894
FireflyAlgorithm,sphere,160.97491757867886
FireflyAlgorithm,schwefel,12428.945437394152
FireflyAlgorithm,rosenbrock,2832159.8072411837
FireflyAlgorithm,rastrigin,423.5087817036736
FireflyAlgorithm,griewank,5.568507450993421
FireflyAlgorithm,levy,260.0687601957514
FireflyAlgorithm,michalewicz,-8.360107844283132
FireflyAlgorithm,zakharov,8928.971185732704
FireflyAlgorithm,ackley,20.607094331941916
ParticleSwarmOptimization,sphere,1.1850710917611318
ParticleSwarmOptimization,schwefel,11800.586958480604
ParticleSwarmOptimization,rosenbrock,2277.2776422089382
ParticleSwarmOptimization,rastrigin,118.93406353463448
ParticleSwarmOptimization,griewank,1.0383191076394418
ParticleSwarmOptimization,levy,13.38536423420868
ParticleSwarmOptimization,michalewicz,-11.420707163167119
ParticleSwarmOptimization,zakharov,376.72246949631887
ParticleSwarmOptimization,ackley,7.54473116000589
SelfOrganizingMigrationAlgorithm,sphere,29.67406880073304
SelfOrganizingMigrationAlgorithm,schwefel,11963.475833653887
SelfOrganizingMigrationAlgorithm,rosenbrock,46450.99719545578
SelfOrganizingMigrationAlgorithm,rastrigin,152.81464971347393
SelfOrganizingMigrationAlgorithm,griewank,1.7027682100627368
SelfOrganizingMigrationAlgorithm,levy,19.87052140984025
SelfOrganizingMigrationAlgorithm,michalewicz,-17.272577015803247
SelfOrganizingMigrationAlgorithm,zakharov,293.48030636596593
SelfOrganizingMigrationAlgorithm,ackley,15.29605106527617
TeachingLearningBasedOptimization,sphere,0.7895865772429966
TeachingLearningBasedOptimization,schwefel,12170.411353313975
TeachingLearningBasedOptimization,rosenbrock,894.9548250056373
TeachingLearningBasedOptimization,rastrigin,210.42910438587415
TeachingLearningBasedOptimization,griewank,1.0205945119746616
TeachingLearningBasedOptimization,levy,3.409666077380764
TeachingLearningBasedOptimization,michalewicz,-9.593178301089115
TeachingLearningBasedOptimization,zakharov,674.926165784141
TeachingLearningBasedOptimization,ackley,5.603360200157894

DifferentialEvolution,sphere,32.25171396124357
DifferentialEvolution,schwefel,11969.203378628958
DifferentialEvolution,rosenbrock,186308.53362542574
DifferentialEvolution,rastrigin,308.919370067216
DifferentialEvolution,griewank,2.484149324636425
DifferentialEvolution,levy,80.21402488427385
DifferentialEvolution,michalewicz,-9.521609619574113
DifferentialEvolution,zakharov,956.9444561711348
DifferentialEvolution,ackley,18.40510129348908
FireflyAlgorithm,sphere,190.47196119801274
FireflyAlgorithm,schwefel,12357.602940867342
FireflyAlgorithm,rosenbrock,3129239.7649296746
FireflyAlgorithm,rastrigin,432.01617667046344
FireflyAlgorithm,griewank,5.396351998826294
FireflyAlgorithm,levy,128.78891090675637
FireflyAlgorithm,michalewicz,-8.414302514308025
FireflyAlgorithm,zakharov,1193.0056433119964
FireflyAlgorithm,ackley,20.72540346372762
ParticleSwarmOptimization,sphere,4.301978802903262
ParticleSwarmOptimization,schwefel,11814.586581065469
ParticleSwarmOptimization,rosenbrock,2930.891480137705
ParticleSwarmOptimization,rastrigin,183.2181865732329
ParticleSwarmOptimization,griewank,0.9887770920685418
ParticleSwarmOptimization,levy,16.66228293704551
ParticleSwarmOptimization,michalewicz,-14.060244630239554
ParticleSwarmOptimization,zakharov,496.493519666756
ParticleSwarmOptimization,ackley,7.179848654819276
SelfOrganizingMigrationAlgorithm,sphere,23.768075290118507
SelfOrganizingMigrationAlgorithm,schwefel,11999.924064470775
SelfOrganizingMigrationAlgorithm,rosenbrock,110683.34496644493
SelfOrganizingMigrationAlgorithm,rastrigin,115.35725800420312
SelfOrganizingMigrationAlgorithm,griewank,1.696768887412859
SelfOrganizingMigrationAlgorithm,levy,19.23315644088102
SelfOrganizingMigrationAlgorithm,michalewicz,-16.90589739822005
SelfOrganizingMigrationAlgorithm,zakharov,334.112221813294
SelfOrganizingMigrationAlgorithm,ackley,14.849645346650572
TeachingLearningBasedOptimization,sphere,0.6657902667339403
TeachingLearningBasedOptimization,schwefel,11821.10092100105
TeachingLearningBasedOptimization,rosenbrock,1462.3324511905978
TeachingLearningBasedOptimization,rastrigin,240.39648895408953
TeachingLearningBasedOptimization,griewank,1.0429112590783858
TeachingLearningBasedOptimization,levy,2.353557731535891
TeachingLearningBasedOptimization,michalewicz,-8.973497070311268
TeachingLearningBasedOptimization,zakharov,668.396310298987
TeachingLearningBasedOptimization,ackley,6.019260859567108

DifferentialEvolution,sphere,55.71567503376076
DifferentialEvolution,schwefel,11929.706688309767
DifferentialEvolution,rosenbrock,294733.2278996057
DifferentialEvolution,rastrigin,313.4237893084502
DifferentialEvolution,griewank,2.2000257854953147
DifferentialEvolution,levy,72.16324242684658
DifferentialEvolution,michalewicz,-9.28399031406476
DifferentialEvolution,zakharov,688.1342649022394
DifferentialEvolution,ackley,18.415783393456913
FireflyAlgorithm,sphere,198.366127832789
FireflyAlgorithm,schwefel,12419.420360773456
FireflyAlgorithm,rosenbrock,3315593.6277002296
FireflyAlgorithm,rastrigin,429.1744765246824
FireflyAlgorithm,griewank,5.286035406705138
FireflyAlgorithm,levy,174.4134426643995
FireflyAlgorithm,michalewicz,-7.9646085025467395
FireflyAlgorithm,zakharov,1006.6567432531501
FireflyAlgorithm,ackley,20.6459204011144
ParticleSwarmOptimization,sphere,2.8557092812809195
ParticleSwarmOptimization,schwefel,11800.950215635254
ParticleSwarmOptimization,rosenbrock,3714.8385925380453
ParticleSwarmOptimization,rastrigin,198.99173520247007
ParticleSwarmOptimization,griewank,1.0529197496159715
ParticleSwarmOptimization,levy,8.965463440532794
ParticleSwarmOptimization,michalewicz,-14.743854806151653
ParticleSwarmOptimization,zakharov,442.40295091005976
ParticleSwarmOptimization,ackley,8.485843446267522
SelfOrganizingMigrationAlgorithm,sphere,26.07015866685566
SelfOrganizingMigrationAlgorithm,schwefel,11978.70247922653
SelfOrganizingMigrationAlgorithm,rosenbrock,44213.728786765874
SelfOrganizingMigrationAlgorithm,rastrigin,100.07965991348749
SelfOrganizingMigrationAlgorithm,griewank,1.6239149961100598
SelfOrganizingMigrationAlgorithm,levy,12.520993843454418
SelfOrganizingMigrationAlgorithm,michalewicz,-19.11270798090022
SelfOrganizingMigrationAlgorithm,zakharov,327.6617557394285
SelfOrganizingMigrationAlgorithm,ackley,15.087591692013913
TeachingLearningBasedOptimization,sphere,1.0353609232278242
TeachingLearningBasedOptimization,schwefel,12041.829850333213
TeachingLearningBasedOptimization,rosenbrock,1352.4515902004555
TeachingLearningBasedOptimization,rastrigin,230.39186589692417
TeachingLearningBasedOptimization,griewank,0.9732534250049244
TeachingLearningBasedOptimization,levy,2.8005259108966554
TeachingLearningBasedOptimization,michalewicz,-9.179280174898205
TeachingLearningBasedOptimization,zakharov,197.83783347259896
TeachingLearningBasedOptimization,ackley,6.682213796637303

DifferentialEvolution,sphere,46.17497988454918
DifferentialEvolution,schwefel,11869.484055480354
DifferentialEvolution,rosenbrock,547953.6937688024
DifferentialEvolution,rastrigin,289.2223189506493
DifferentialEvolution,griewank,2.260883289411514
DifferentialEvolution,levy,93.36444482762202
DifferentialEvolution,michalewicz,-10.224547744731275
DifferentialEvolution,zakharov,611.600812344145
DifferentialEvolution,ackley,18.716198407315876
FireflyAlgorithm,sphere,190.88421024964615
FireflyAlgorithm,schwefel,12398.815361387713
FireflyAlgorithm,rosenbrock,2802377.816175803
FireflyAlgorithm,rastrigin,384.7858890948089
FireflyAlgorithm,griewank,5.111213466488464
FireflyAlgorithm,levy,207.88795559925154
FireflyAlgorithm,michalewicz,-7.724109904665237
FireflyAlgorithm,zakharov,2986.57255323928
FireflyAlgorithm,ackley,20.710034402313457
ParticleSwarmOptimization,sphere,1.5630013272557337
ParticleSwarmOptimization,schwefel,11789.819341208067
ParticleSwarmOptimization,rosenbrock,3923.7375916007727
ParticleSwarmOptimization,rastrigin,154.50491987299068
ParticleSwarmOptimization,griewank,1.0262001192691834
ParticleSwarmOptimization,levy,33.18682244965834
ParticleSwarmOptimization,michalewicz,-14.004353304738775
ParticleSwarmOptimization,zakharov,618.5215002677141
ParticleSwarmOptimization,ackley,7.430378650385531
SelfOrganizingMigrationAlgorithm,sphere,36.60146116157553
SelfOrganizingMigrationAlgorithm,schwefel,11964.060351282607
SelfOrganizingMigrationAlgorithm,rosenbrock,135159.87849631763
SelfOrganizingMigrationAlgorithm,rastrigin,133.11853515763187
SelfOrganizingMigrationAlgorithm,griewank,1.6893267321394192
SelfOrganizingMigrationAlgorithm,levy,27.98472079489372
SelfOrganizingMigrationAlgorithm,michalewicz,-17.142220496569784
SelfOrganizingMigrationAlgorithm,zakharov,324.2610362549694
SelfOrganizingMigrationAlgorithm,ackley,15.381142151923664
TeachingLearningBasedOptimization,sphere,1.4054068244409614
TeachingLearningBasedOptimization,schwefel,12164.202463932024
TeachingLearningBasedOptimization,rosenbrock,527.7724619402355
TeachingLearningBasedOptimization,rastrigin,222.98461796529125
TeachingLearningBasedOptimization,griewank,1.0328584586892404
TeachingLearningBasedOptimization,levy,2.6922140288212897
TeachingLearningBasedOptimization,michalewicz,-8.521632428335614
TeachingLearningBasedOptimization,zakharov,468.5668812531187
TeachingLearningBasedOptimization,ackley,6.853241294390907

DifferentialEvolution,sphere,39.05042003618496
DifferentialEvolution,schwefel,12002.337160795418
DifferentialEvolution,rosenbrock,460417.68620568473
DifferentialEvolution,rastrigin,302.08887390913895
DifferentialEvolution,griewank,2.0828228164222136
DifferentialEvolution,levy,82.28063495854106
DifferentialEvolution,michalewicz,-11.526649478002458
DifferentialEvolution,zakharov,903.7132955261587
DifferentialEvolution,ackley,16.690146798729018
FireflyAlgorithm,sphere,168.4893739060653
FireflyAlgorithm,schwefel,12415.31260329472
FireflyAlgorithm,rosenbrock,3420153.2750316886
FireflyAlgorithm,rastrigin,397.8629179419196
FireflyAlgorithm,griewank,5.36592253494653
FireflyAlgorithm,levy,167.5457970375695
FireflyAlgorithm,michalewicz,-8.457617783715394
FireflyAlgorithm,zakharov,2260.2024944680043
FireflyAlgorithm,ackley,20.52612689186443
ParticleSwarmOptimization,sphere,4.56335068357445
ParticleSwarmOptimization,schwefel,11776.737459970638
ParticleSwarmOptimization,rosenbrock,2513.7944142899414
ParticleSwarmOptimization,rastrigin,183.8558266196976
ParticleSwarmOptimization,griewank,1.0957125698091144
ParticleSwarmOptimization,levy,11.270134735659699
ParticleSwarmOptimization,michalewicz,-12.399750351553598
ParticleSwarmOptimization,zakharov,533.211915326707
ParticleSwarmOptimization,ackley,9.373872093907742
SelfOrganizingMigrationAlgorithm,sphere,19.685188234075493
SelfOrganizingMigrationAlgorithm,schwefel,11974.354815849889
SelfOrganizingMigrationAlgorithm,rosenbrock,93117.84236134861
SelfOrganizingMigrationAlgorithm,rastrigin,128.43049452269906
SelfOrganizingMigrationAlgorithm,griewank,1.4585422845549871
SelfOrganizingMigrationAlgorithm,levy,19.644014632578465
SelfOrganizingMigrationAlgorithm,michalewicz,-16.555320329575398
SelfOrganizingMigrationAlgorithm,zakharov,343.0737142792671
SelfOrganizingMigrationAlgorithm,ackley,13.940328196427307
TeachingLearningBasedOptimization,sphere,2.1725299462978187
TeachingLearningBasedOptimization,schwefel,12093.394163119361
TeachingLearningBasedOptimization,rosenbrock,551.3422588648474
TeachingLearningBasedOptimization,rastrigin,218.69839950385364
TeachingLearningBasedOptimization,griewank,1.0264200537332395
TeachingLearningBasedOptimization,levy,2.360968599567789
TeachingLearningBasedOptimization,michalewicz,-10.040720467940623
TeachingLearningBasedOptimization,zakharov,423.06459711955597
TeachingLearningBasedOptimization,ackley,6.465771852268325

